USE mvcdb;


-- INSERT INTO 
-- ()
-- VALUES
-- ();


INSERT INTO student
#(real_id, `name`, grade_name, class_name, Classroom_real_id, school_name)
VALUES
(1,"2021010101","卞彤怡","一年级","一班","101","青青草原第一小学"),
(2,"2021010102","苏晓婷","一年级","一班","101","青青草原第一小学"),
(3,"2021010103","平梦","一年级","一班","101","青青草原第一小学"),
(4,"2021010104","姚旭","一年级","一班","101","青青草原第一小学"),
(5,"2021010105","施清","一年级","一班","101","青青草原第一小学"),
(6,"2021010201","计允宁","一年级","二班","102","青青草原第一小学"),
(7,"2021010202","窦茹德","一年级","二班","102","青青草原第一小学"),
(8,"2021010203","盛萱渊","一年级","二班","102","青青草原第一小学"),
(9,"2021010204","李楠清","一年级","二班","102","青青草原第一小学"),
(10,"2021010205","邹艺","一年级","二班","102","青青草原第一小学"),
(11,"2021020301","褚憧珠","二年级","三班","203","青青草原第一小学"),
(12,"2021020302","喻荣瑾","二年级","三班","203","青青草原第一小学"),
(13,"2021020303","余荣","二年级","三班","203","青青草原第一小学"),
(14,"2021020304","伏腾晴","二年级","三班","203","青青草原第一小学"),
(15,"2021020305","邱妍美","二年级","三班","203","青青草原第一小学");

INSERT INTO teacher
#(real_id, `name`, teach_course_name, school_name)
VALUES
(1,"2020001","褚悦真","数学","青青草原第一小学"),
(2,"2020002","汤妍翔","英语","青青草原第一小学"),
(3,"2020003","阮舒琛","语文","青青草原第一小学"),
(4,"2020004","秦致","品德","青青草原第一小学"),
(5,"2020005","韦莲","科学","青青草原第一小学"),
(6,"2020006","顾姣英","数学","青青草原第一小学"),
(7,"2020007","郭卿启","英语","青青草原第一小学"),
(8,"2020008","江云","语文","青青草原第一小学"),
(9,"2020009","邬瑞","品德","青青草原第一小学"),
(10,"2020010","韦仪凡","科学","青青草原第一小学");

INSERT INTO class_grade
#(grade_name class_name, classroom_real_id, school_name)
VALUES
(1,"一年级","一班","101","青青草原第一小学"),
(2,"一年级","二班","102","青青草原第一小学"),
(3,"二年级","三班","203","青青草原第一小学");

INSERT INTO school
(`name`)
VALUES
("青青草原第一小学");

INSERT INTO classroom
(real_id, grade_name, class_name, school_name)
VALUES
("000","","","青青草原第一小学"),
(101,"一年级","一班","青青草原第一小学"),
(102,"一年级","二班","青青草原第一小学"),
(203,"二年级","三班","青青草原第一小学");

INSERT INTO teach_course_info
(teacher_name, classroom_real_id, grade_name, class_name, course_name, school_name)
VALUES
("褚悦真","101","一年级","一班","数学","青青草原第一小学"),
("汤妍翔","101","一年级","一班","英语","青青草原第一小学"),
("阮舒琛","101","一年级","一班","语文","青青草原第一小学"),
("秦致","101","一年级","一班","品德","青青草原第一小学"),
("韦莲","101","一年级","一班","科学","青青草原第一小学"),
("顾姣英","101","一年级","一班","数学","青青草原第一小学"),
("郭卿启","101","一年级","一班","英语","青青草原第一小学"),
("江云","101","一年级","一班","语文","青青草原第一小学"),
("邬瑞","101","一年级","一班","品德","青青草原第一小学"),
("韦仪凡","101","一年级","一班","科学","青青草原第一小学"),
("顾姣英","102","一年级","二班","数学","青青草原第一小学"),
("郭卿启","102","一年级","二班","英语","青青草原第一小学"),
("江云","102","一年级","二班","语文","青青草原第一小学"),
("邬瑞","102","一年级","二班","品德","青青草原第一小学"),
("韦仪凡","102","一年级","二班","科学","青青草原第一小学"),
("褚悦真","203","二年级","三班","数学","青青草原第一小学"),
("汤妍翔","203","二年级","三班","英语","青青草原第一小学"),
("阮舒琛","203","二年级","三班","语文","青青草原第一小学"),
("秦致","203","二年级","三班","品德","青青草原第一小学"),
("韦莲","203","二年级","三班","科学","青青草原第一小学");

INSERT INTO class_grade_teacher
(class_grade_id, teacher_id, school_name)
VALUES
(1,1,"青青草原第一小学"),
(1,2,"青青草原第一小学"),
(1,3,"青青草原第一小学"),
(1,4,"青青草原第一小学"),
(1,5,"青青草原第一小学"),
(1,6,"青青草原第一小学"),
(1,7,"青青草原第一小学"),
(1,8,"青青草原第一小学"),
(1,9,"青青草原第一小学"),
(1,10,"青青草原第一小学"),
(3,1,"青青草原第一小学"),
(3,2,"青青草原第一小学"),
(3,3,"青青草原第一小学"),
(3,4,"青青草原第一小学"),
(3,5,"青青草原第一小学"),
(2,6,"青青草原第一小学"),
(2,7,"青青草原第一小学"),
(2,8,"青青草原第一小学"),
(2,9,"青青草原第一小学"),
(2,10,"青青草原第一小学");

INSERT INTO student_teacher
(student_id, teacher_id, school_name)
VALUES
(1,1,"青青草原第一小学"),
(2,1,"青青草原第一小学"),
(3,1,"青青草原第一小学"),
(4,1,"青青草原第一小学"),
(5,1,"青青草原第一小学"),
(1,2,"青青草原第一小学"),
(2,2,"青青草原第一小学"),
(3,2,"青青草原第一小学"),
(4,2,"青青草原第一小学"),
(5,2,"青青草原第一小学"),
(1,3,"青青草原第一小学"),
(2,3,"青青草原第一小学"),
(3,3,"青青草原第一小学"),
(4,3,"青青草原第一小学"),
(5,3,"青青草原第一小学"),
(1,4,"青青草原第一小学"),
(2,4,"青青草原第一小学"),
(3,4,"青青草原第一小学"),
(4,4,"青青草原第一小学"),
(5,4,"青青草原第一小学"),
(1,5,"青青草原第一小学"),
(2,5,"青青草原第一小学"),
(3,5,"青青草原第一小学"),
(4,5,"青青草原第一小学"),
(5,5,"青青草原第一小学"),
(1,6,"青青草原第一小学"),
(2,6,"青青草原第一小学"),
(3,6,"青青草原第一小学"),
(4,6,"青青草原第一小学"),
(5,6,"青青草原第一小学"),
(1,7,"青青草原第一小学"),
(2,7,"青青草原第一小学"),
(3,7,"青青草原第一小学"),
(4,7,"青青草原第一小学"),
(5,7,"青青草原第一小学"),
(1,8,"青青草原第一小学"),
(2,8,"青青草原第一小学"),
(3,8,"青青草原第一小学"),
(4,8,"青青草原第一小学"),
(5,8,"青青草原第一小学"),
(1,9,"青青草原第一小学"),
(2,9,"青青草原第一小学"),
(3,9,"青青草原第一小学"),
(4,9,"青青草原第一小学"),
(5,9,"青青草原第一小学"),
(1,10,"青青草原第一小学"),
(2,10,"青青草原第一小学"),
(3,10,"青青草原第一小学"),
(4,10,"青青草原第一小学"),
(5,10,"青青草原第一小学"),
(6,6,"青青草原第一小学"),
(7,6,"青青草原第一小学"),
(8,6,"青青草原第一小学"),
(9,6,"青青草原第一小学"),
(10,6,"青青草原第一小学"),
(6,7,"青青草原第一小学"),
(7,7,"青青草原第一小学"),
(8,7,"青青草原第一小学"),
(9,7,"青青草原第一小学"),
(10,7,"青青草原第一小学"),
(6,8,"青青草原第一小学"),
(7,8,"青青草原第一小学"),
(8,8,"青青草原第一小学"),
(9,8,"青青草原第一小学"),
(10,8,"青青草原第一小学"),
(6,9,"青青草原第一小学"),
(7,9,"青青草原第一小学"),
(8,9,"青青草原第一小学"),
(9,9,"青青草原第一小学"),
(10,9,"青青草原第一小学"),
(6,10,"青青草原第一小学"),
(7,10,"青青草原第一小学"),
(8,10,"青青草原第一小学"),
(9,10,"青青草原第一小学"),
(10,10,"青青草原第一小学"),
(11,1,"青青草原第一小学"),
(12,1,"青青草原第一小学"),
(13,1,"青青草原第一小学"),
(14,1,"青青草原第一小学"),
(15,1,"青青草原第一小学"),
(11,2,"青青草原第一小学"),
(12,2,"青青草原第一小学"),
(13,2,"青青草原第一小学"),
(14,2,"青青草原第一小学"),
(15,2,"青青草原第一小学"),
(11,3,"青青草原第一小学"),
(12,3,"青青草原第一小学"),
(13,3,"青青草原第一小学"),
(14,3,"青青草原第一小学"),
(15,3,"青青草原第一小学"),
(11,4,"青青草原第一小学"),
(12,4,"青青草原第一小学"),
(13,4,"青青草原第一小学"),
(14,4,"青青草原第一小学"),
(15,4,"青青草原第一小学"),
(11,5,"青青草原第一小学"),
(12,5,"青青草原第一小学"),
(13,5,"青青草原第一小学"),
(14,5,"青青草原第一小学"),
(15,5,"青青草原第一小学");

# select *

SELECT * FROM student;
SELECT * FROM teacher;
SELECT * FROM `class_grade`;
SELECT * FROM `class_grade_teacher`;
SELECT * FROM `classroom`;
SELECT * FROM `school`;
SELECT * FROM `student_teacher`;
SELECT * FROM `teach_course_info`;

# 第一批数据 完成


# 第二批数据 开始

INSERT INTO student
#(real_id, `name`, grade_name, class_name, Classroom_real_id, school_name)
VALUES
(16,"2021020301","梅皑育","二年级","三班","203","熊森林第一小学"),
(17,"2021020301","苗宏黛","二年级","三班","203","熊森林第一小学"),
(18,"2021020301","冯霄皑","二年级","三班","203","熊森林第一小学"),
(19,"2021020301","殷凤","二年级","三班","203","熊森林第一小学"),
(20,"2021020301","吕腾娟","二年级","三班","203","熊森林第一小学");

INSERT INTO teacher
#(real_id, `name`, teach_course_name, school_name)
VALUES
(11,"2021010","卞雄辰","数学","熊森林第一小学"),
(12,"2021011","韦瑶蕊","英语","熊森林第一小学"),
(13,"2021012","周雪","语文","熊森林第一小学");

INSERT INTO class_grade
#(grade_name class_name, classroom_real_id, school_name)
VALUES
(4,"二年级","三班","203","熊森林第一小学");

INSERT INTO classroom
(real_id, grade_name, class_name, school_name)
VALUES
(203,"二年级","三班","熊森林第一小学");

INSERT INTO school
(`name`)
VALUES
("熊森林第一小学");

INSERT INTO teach_course_info
(teacher_name, classroom_real_id, grade_name, class_name, course_name, school_name)
VALUES
("卞雄辰","203","二年级","三班","数学","熊森林第一小学"),
("韦瑶蕊","203","二年级","三班","英语","熊森林第一小学"),
("周雪","203","二年级","三班","语文","熊森林第一小学");

INSERT INTO class_grade_teacher
(class_grade_id, teacher_id, school_name)
VALUES
(4,11,"熊森林第一小学"),
(4,12,"熊森林第一小学"),
(4,13,"熊森林第一小学");

INSERT INTO student_teacher
(student_id, teacher_id, school_name)
VALUES
(16,11,"熊森林第一小学"),
(17,11,"熊森林第一小学"),
(18,11,"熊森林第一小学"),
(19,11,"熊森林第一小学"),
(20,11,"熊森林第一小学"),
(16,12,"熊森林第一小学"),
(17,12,"熊森林第一小学"),
(18,12,"熊森林第一小学"),
(19,12,"熊森林第一小学"),
(20,12,"熊森林第一小学"),
(16,13,"熊森林第一小学"),
(17,13,"熊森林第一小学"),
(18,13,"熊森林第一小学"),
(19,13,"熊森林第一小学"),
(20,13,"熊森林第一小学");

INSERT INTO teach_course_info
(teacher_name, classroom_real_id, grade_name, class_name, course_name, school_name)
VALUES
("江云","000","一年级","二班","语文","青青草原第一小学");


# select *
SELECT * FROM student;
SELECT * FROM teacher;
SELECT * FROM `class_grade`;
SELECT * FROM `class_grade_teacher`;
SELECT * FROM `classroom`;
SELECT * FROM `school`;
SELECT * FROM `student_teacher`;
SELECT * FROM `teach_course_info`;


# 查看索引命中

-- DESCRIBE student
-- 
-- SHOW INDEX FROM student
-- 
-- EXPLAIN SELECT real_id, NAME, grade_name, class_name, school_name 
-- FROM student
-- #where id = 3
-- #where school_name="青青草原第一小学" and grade_name="一年级" and class_name = "二班";
-- WHERE school_name="青青草原第一小学" AND class_name = "三班";
-- #WHERE school_name="青青草原第一小学" AND grade_name="一年级" AND class_name = "二班";
-- 
-- SHOW INDEX FROM student_teacher;
-- 
-- EXPLAIN SELECT * FROM student_teacher
-- WHERE school_name = "青青草原第一小学" AND teacher_id = 3
-- -- 没有索引
-- -- 返回了 1 行
-- -- 
-- -- 执行耗时   : 0.045 sec
-- -- 传送时间   : 0 sec
-- -- 总耗时      : 0.046 sec
-- 
-- -- 添加全字段索引
-- -- 返回了 1 行
-- -- 
-- -- 执行耗时   : 0 sec
-- -- 传送时间   : 0.002 sec
-- -- 总耗时      : 0.003 sec
-- 
-- EXPLAIN SELECT * FROM class_grade_teacher
-- WHERE school_name="青青草原第一小学" AND class_grade_id= "000";